company_id,narrative
ABB,"ABB demonstrates a notable financial profile. Key strengths include consistently high return on equity above 20% demonstrates exceptional capital efficiency.In addition, strong free cash flow generation signals healthy business fundamentals.Cash flow analysis indicates that business generates positive operating cash flow from core operations.Additionally, company is investing cash into long-term assets or business expansion.The company reported an ROE of 32.5%. Debt-to-equity ratio stands at 0.02. Five-year revenue CAGR is 9.7%. The composite quality score is 25.4. However, investors should note that book value per share is relatively low compared with earnings per share.."
ADANIENSOL,"ADANIENSOL demonstrates a notable financial profile. Key strengths include strong free cash flow generation signals healthy business fundamentals.In addition, revenue growing at above 15% cagr over 5 years reflects strong business momentum.Cash flow analysis indicates that business generates positive operating cash flow from core operations.Additionally, company is investing cash into long-term assets or business expansion.The company reported an ROE of 9.5%. Debt-to-equity ratio stands at 2.93. Five-year revenue CAGR is 17.9%. The composite quality score is 6.2. However, investors should note that debt-to-equity ratio of 2.93 is elevated and warrants monitoring.."
ADANIENT,"ADANIENT demonstrates a notable financial profile. Key strengths include revenue growing at above 15% cagr over 5 years reflects strong business momentum.In addition, net profit compounding above 20% over 5 years creates significant shareholder value.Cash flow analysis indicates that business generates positive operating cash flow from core operations.Additionally, company is investing cash into long-term assets or business expansion.The company reported an ROE of 8.5%. Debt-to-equity ratio stands at 1.67. Five-year revenue CAGR is 19.0%. The composite quality score is 4.7. However, investors should note that negative free cash flow raises concern about cash generation quality.."
ADANIGREEN,"ADANIGREEN demonstrates a notable financial profile. Key strengths include revenue growing at above 15% cagr over 5 years reflects strong business momentum.In addition, operating profit margin above 25% indicates strong pricing power and cost discipline.Cash flow analysis indicates that business generates positive operating cash flow from core operations.Additionally, company is investing cash into long-term assets or business expansion.The company reported an ROE of 12.8%. Debt-to-equity ratio stands at 6.60. Five-year revenue CAGR is 35.0%. The composite quality score is 9.3. However, investors should note that debt-to-equity ratio of 6.60 is elevated and warrants monitoring.."
ADANIPORTS,"ADANIPORTS demonstrates a notable financial profile. Key strengths include strong free cash flow generation signals healthy business fundamentals.In addition, operating profit margin above 25% indicates strong pricing power and cost discipline.Cash flow analysis indicates that business generates positive operating cash flow from core operations.Additionally, company is investing cash into long-term assets or business expansion.The company reported an ROE of 15.4%. Debt-to-equity ratio stands at 0.94. Five-year revenue CAGR is 9.3%. The composite quality score is 17.5. However, investors should note that low asset turnover indicates inefficient utilization of company assets.."
ADANIPOWER,"ADANIPOWER demonstrates a notable financial profile. Key strengths include consistently high return on equity above 20% demonstrates exceptional capital efficiency.In addition, strong free cash flow generation signals healthy business fundamentals.Cash flow analysis indicates that business generates positive operating cash flow from core operations.Additionally, overall cash position improved during the year.The company reported an ROE of 48.3%. Debt-to-equity ratio stands at 0.80. Five-year revenue CAGR is 16.1%. The composite quality score is 37.4. However, investors should note that book value per share is relatively low compared with earnings per share.."
AMBUJACEM,"AMBUJACEM demonstrates a notable financial profile. Key strengths include debt-free balance sheet provides financial flexibility and eliminates interest burden.In addition, very high interest coverage reflects negligible financial stress from debt servicing.Cash flow analysis indicates that business generates positive operating cash flow from core operations.Additionally, company is investing cash into long-term assets or business expansion.The company reported an ROE of 11.4%. Debt-to-equity ratio stands at 0.02. Five-year revenue CAGR is 5.0%. The composite quality score is 11.0. However, investors should note that negative free cash flow raises concern about cash generation quality.."
APOLLOHOSP,"APOLLOHOSP demonstrates a notable financial profile. Key strengths include strong free cash flow generation signals healthy business fundamentals.In addition, net profit compounding above 20% over 5 years creates significant shareholder value.Cash flow analysis indicates that business generates positive operating cash flow from core operations.Additionally, company is investing cash into long-term assets or business expansion.The company reported an ROE of 13.5%. Debt-to-equity ratio stands at 0.77. Five-year revenue CAGR is 14.7%. The composite quality score is 8.0. However, investors should note that free cash flow is significantly lower than operating cash flow, indicating heavy capital expenditure.."
ASIANPAINT,"ASIANPAINT demonstrates a notable financial profile. Key strengths include consistently high return on equity above 20% demonstrates exceptional capital efficiency.In addition, strong free cash flow generation signals healthy business fundamentals.Cash flow analysis indicates that business generates positive operating cash flow from core operations.Additionally, company is investing cash into long-term assets or business expansion.The company reported an ROE of 29.7%. Debt-to-equity ratio stands at 0.13. Five-year revenue CAGR is 13.0%. The composite quality score is 21.3. Overall, the company's financial indicators appear stable."
ATGL,"ATGL demonstrates a notable financial profile. Key strengths include revenue growing at above 15% cagr over 5 years reflects strong business momentum.In addition, net profit compounding above 20% over 5 years creates significant shareholder value.The company reported an ROE of 18.7%. Debt-to-equity ratio stands at 0.43. Five-year revenue CAGR is 21.1%. The composite quality score is 14.6. Overall, the company's financial indicators appear stable."
AXISBANK,"AXISBANK demonstrates a notable financial profile. Key strengths include operating profit margin above 25% indicates strong pricing power and cost discipline.In addition, net profit compounding above 20% over 5 years creates significant shareholder value.Cash flow analysis indicates that negative operating cash flow may indicate pressure on core business operations.Additionally, company is investing cash into long-term assets or business expansion.The company reported an ROE of 15.8%. Debt-to-equity ratio stands at 8.25. Five-year revenue CAGR is 14.7%. The composite quality score is 13.4. However, investors should note that debt-to-equity ratio of 8.25 is elevated and warrants monitoring.."
BAJAJ-AUTO,"BAJAJ-AUTO demonstrates a notable financial profile. Key strengths include consistently high return on equity above 20% demonstrates exceptional capital efficiency.In addition, strong free cash flow generation signals healthy business fundamentals.Cash flow analysis indicates that business generates positive operating cash flow from core operations.Additionally, company is investing cash into long-term assets or business expansion.The company reported an ROE of 26.6%. Debt-to-equity ratio stands at 0.07. Five-year revenue CAGR is 8.1%. The composite quality score is 21.1. However, investors should note that book value per share is relatively low compared with earnings per share.."
BAJAJFINSV,"BAJAJFINSV demonstrates a notable financial profile. Key strengths include consistently high return on equity above 20% demonstrates exceptional capital efficiency.In addition, revenue growing at above 15% cagr over 5 years reflects strong business momentum.Cash flow analysis indicates that negative operating cash flow may indicate pressure on core business operations.Additionally, company is investing cash into long-term assets or business expansion.The company reported an ROE of 25.9%. Debt-to-equity ratio stands at 4.79. Five-year revenue CAGR is 21.0%. The composite quality score is 14.3. However, investors should note that debt-to-equity ratio of 4.79 is elevated and warrants monitoring.."
BAJAJHLDNG,"BAJAJHLDNG demonstrates a notable financial profile. Key strengths include strong free cash flow generation signals healthy business fundamentals.In addition, debt-free balance sheet provides financial flexibility and eliminates interest burden.Cash flow analysis indicates that business generates positive operating cash flow from core operations.Additionally, company is investing cash into long-term assets or business expansion.The company reported an ROE of 13.6%. Debt-to-equity ratio stands at 0.00. Five-year revenue CAGR is 31.6%. The composite quality score is 152.5. However, investors should note that low asset turnover indicates inefficient utilization of company assets.."
BAJFINANCE,"BAJFINANCE demonstrates a notable financial profile. Key strengths include revenue growing at above 15% cagr over 5 years reflects strong business momentum.In addition, operating profit margin above 25% indicates strong pricing power and cost discipline.Cash flow analysis indicates that negative operating cash flow may indicate pressure on core business operations.Additionally, company is investing cash into long-term assets or business expansion.The company reported an ROE of 18.8%. Debt-to-equity ratio stands at 3.82. Five-year revenue CAGR is 24.4%. The composite quality score is 16.3. However, investors should note that debt-to-equity ratio of 3.82 is elevated and warrants monitoring.."
BANKBARODA,"BANKBARODA demonstrates a notable financial profile. Key strengths include revenue growing at above 15% cagr over 5 years reflects strong business momentum.In addition, operating profit margin above 25% indicates strong pricing power and cost discipline.Cash flow analysis indicates that negative operating cash flow may indicate pressure on core business operations.Additionally, company is investing cash into long-term assets or business expansion.The company reported an ROE of 15.8%. Debt-to-equity ratio stands at 12.14. Five-year revenue CAGR is 17.5%. The composite quality score is 10.9. However, investors should note that debt-to-equity ratio of 12.14 is elevated and warrants monitoring.."
BEL,"BEL demonstrates a notable financial profile. Key strengths include consistently high return on equity above 20% demonstrates exceptional capital efficiency.In addition, very high interest coverage reflects negligible financial stress from debt servicing.Cash flow analysis indicates that business generates positive operating cash flow from core operations.Additionally, company is investing cash into long-term assets or business expansion.The company reported an ROE of 4744.0%. Debt-to-equity ratio stands at 0.51. Five-year revenue CAGR is 10.8%. The composite quality score is 2413.0. However, investors should note that negative free cash flow raises concern about cash generation quality.."
BHARTIARTL,"BHARTIARTL demonstrates a notable financial profile. Key strengths include strong free cash flow generation signals healthy business fundamentals.In addition, operating profit margin above 25% indicates strong pricing power and cost discipline.Cash flow analysis indicates that business generates positive operating cash flow from core operations.Additionally, company is investing cash into long-term assets or business expansion.The company reported an ROE of 10.4%. Debt-to-equity ratio stands at 2.61. Five-year revenue CAGR is 13.2%. The composite quality score is 6.0. However, investors should note that debt-to-equity ratio of 2.61 is elevated and warrants monitoring.."
BHEL,"BHEL demonstrates a notable financial profile. The available financial metrics indicate a balanced performance. Cash flow analysis indicates that negative operating cash flow may indicate pressure on core business operations.Additionally, company received positive cash from financing activities.The company reported an ROE of 1.2%. Debt-to-equity ratio stands at 0.36. Five-year revenue CAGR is -4.7%. The composite quality score is 0.9. However, investors should note that negative free cash flow raises concern about cash generation quality.."
BOSCHLTD,"BOSCHLTD demonstrates a notable financial profile. Key strengths include consistently high return on equity above 20% demonstrates exceptional capital efficiency.In addition, strong free cash flow generation signals healthy business fundamentals.Cash flow analysis indicates that business generates positive operating cash flow from core operations.Additionally, overall cash position improved during the year.The company reported an ROE of 20.6%. Debt-to-equity ratio stands at 0.00. Five-year revenue CAGR is 6.7%. The composite quality score is 16.6. However, investors should note that book value per share is relatively low compared with earnings per share.."
BPCL,"BPCL demonstrates a notable financial profile. Key strengths include consistently high return on equity above 20% demonstrates exceptional capital efficiency.In addition, strong free cash flow generation signals healthy business fundamentals.Cash flow analysis indicates that business generates positive operating cash flow from core operations.Additionally, company is investing cash into long-term assets or business expansion.The company reported an ROE of 35.5%. Debt-to-equity ratio stands at 0.72. Five-year revenue CAGR is 8.5%. The composite quality score is 18.3. However, investors should note that operating profit margin is low, indicating pricing pressure or weak operating efficiency.."
BRITANNIA,"BRITANNIA demonstrates a notable financial profile. Key strengths include consistently high return on equity above 20% demonstrates exceptional capital efficiency.In addition, strong free cash flow generation signals healthy business fundamentals.Cash flow analysis indicates that business generates positive operating cash flow from core operations.Additionally, overall cash position improved during the year.The company reported an ROE of 54.1%. Debt-to-equity ratio stands at 0.52. Five-year revenue CAGR is 8.7%. The composite quality score is 30.1. Overall, the company's financial indicators appear stable."
CANBK,"CANBK demonstrates a notable financial profile. Key strengths include strong free cash flow generation signals healthy business fundamentals.In addition, revenue growing at above 15% cagr over 5 years reflects strong business momentum.Cash flow analysis indicates that business generates positive operating cash flow from core operations.Additionally, company is investing cash into long-term assets or business expansion.The company reported an ROE of 16.7%. Debt-to-equity ratio stands at 14.87. Five-year revenue CAGR is 18.2%. The composite quality score is 10.6. However, investors should note that debt-to-equity ratio of 14.87 is elevated and warrants monitoring.."
CHOLAFIN,"CHOLAFIN demonstrates a notable financial profile. Key strengths include revenue growing at above 15% cagr over 5 years reflects strong business momentum.In addition, operating profit margin above 25% indicates strong pricing power and cost discipline.Cash flow analysis indicates that negative operating cash flow may indicate pressure on core business operations.Additionally, company is investing cash into long-term assets or business expansion.The company reported an ROE of 17.5%. Debt-to-equity ratio stands at 6.86. Five-year revenue CAGR is 21.9%. The composite quality score is 12.5. However, investors should note that debt-to-equity ratio of 6.86 is elevated and warrants monitoring.."
CIPLA,"CIPLA demonstrates a notable financial profile. Key strengths include strong free cash flow generation signals healthy business fundamentals.In addition, debt-free balance sheet provides financial flexibility and eliminates interest burden.Cash flow analysis indicates that business generates positive operating cash flow from core operations.Additionally, company is investing cash into long-term assets or business expansion.The company reported an ROE of 15.6%. Debt-to-equity ratio stands at 0.02. Five-year revenue CAGR is 9.5%. The composite quality score is 14.8. However, investors should note that free cash flow is significantly lower than operating cash flow, indicating heavy capital expenditure.."
COALINDIA,"COALINDIA demonstrates a notable financial profile. Key strengths include consistently high return on equity above 20% demonstrates exceptional capital efficiency.In addition, strong free cash flow generation signals healthy business fundamentals.Cash flow analysis indicates that business generates positive operating cash flow from core operations.Additionally, company is investing cash into long-term assets or business expansion.The company reported an ROE of 45.2%. Debt-to-equity ratio stands at 0.08. Five-year revenue CAGR is 7.4%. The composite quality score is 29.1. However, investors should note that book value per share is relatively low compared with earnings per share.."
DABUR,"DABUR demonstrates a notable financial profile. Key strengths include strong free cash flow generation signals healthy business fundamentals.In addition, very high interest coverage reflects negligible financial stress from debt servicing.Cash flow analysis indicates that business generates positive operating cash flow from core operations.Additionally, company is investing cash into long-term assets or business expansion.The company reported an ROE of 18.4%. Debt-to-equity ratio stands at 0.14. Five-year revenue CAGR is 7.8%. The composite quality score is 15.0. However, investors should note that profit growth has remained below 5% cagr over the past five years.."
DIVISLAB,"DIVISLAB demonstrates a notable financial profile. Key strengths include strong free cash flow generation signals healthy business fundamentals.In addition, debt-free balance sheet provides financial flexibility and eliminates interest burden.Cash flow analysis indicates that business generates positive operating cash flow from core operations.Additionally, company is investing cash into long-term assets or business expansion.The company reported an ROE of 11.8%. Debt-to-equity ratio stands at 0.00. Five-year revenue CAGR is 9.7%. The composite quality score is 14.2. However, investors should note that profit growth has remained below 5% cagr over the past five years.."
DLF,"DLF demonstrates a notable financial profile. Key strengths include strong free cash flow generation signals healthy business fundamentals.In addition, operating profit margin above 25% indicates strong pricing power and cost discipline.Cash flow analysis indicates that business generates positive operating cash flow from core operations.Additionally, company is investing cash into long-term assets or business expansion.The company reported an ROE of 6.9%. Debt-to-equity ratio stands at 0.12. Five-year revenue CAGR is -5.1%. The composite quality score is 18.0. However, investors should note that revenue growth below 5% over five years suggests weak business momentum.."
DMART,"DMART demonstrates a notable financial profile. Key strengths include strong free cash flow generation signals healthy business fundamentals.In addition, debt-free balance sheet provides financial flexibility and eliminates interest burden.Cash flow analysis indicates that business generates positive operating cash flow from core operations.Additionally, company is investing cash into long-term assets or business expansion.The company reported an ROE of 13.6%. Debt-to-equity ratio stands at 0.03. Five-year revenue CAGR is 20.5%. The composite quality score is 10.2. However, investors should note that operating profit margin is low, indicating pricing pressure or weak operating efficiency.."
DRREDDY,"DRREDDY demonstrates a notable financial profile. Key strengths include strong free cash flow generation signals healthy business fundamentals.In addition, operating profit margin above 25% indicates strong pricing power and cost discipline.Cash flow analysis indicates that business generates positive operating cash flow from core operations.Additionally, company is investing cash into long-term assets or business expansion.The company reported an ROE of 19.7%. Debt-to-equity ratio stands at 0.07. Five-year revenue CAGR is 12.6%. The composite quality score is 18.0. However, investors should note that free cash flow is significantly lower than operating cash flow, indicating heavy capital expenditure.."
EICHERMOT,"EICHERMOT demonstrates a notable financial profile. Key strengths include consistently high return on equity above 20% demonstrates exceptional capital efficiency.In addition, strong free cash flow generation signals healthy business fundamentals.Cash flow analysis indicates that business generates positive operating cash flow from core operations.Additionally, company is investing cash into long-term assets or business expansion.The company reported an ROE of 22.2%. Debt-to-equity ratio stands at 0.02. Five-year revenue CAGR is 11.0%. The composite quality score is 21.2. However, investors should note that free cash flow is significantly lower than operating cash flow, indicating heavy capital expenditure.."
GAIL,"GAIL demonstrates a notable financial profile. Key strengths include strong free cash flow generation signals healthy business fundamentals.In addition, very high interest coverage reflects negligible financial stress from debt servicing.Cash flow analysis indicates that business generates positive operating cash flow from core operations.Additionally, company is investing cash into long-term assets or business expansion.The company reported an ROE of 12.9%. Debt-to-equity ratio stands at 0.28. Five-year revenue CAGR is 11.8%. The composite quality score is 9.4. However, investors should note that free cash flow is significantly lower than operating cash flow, indicating heavy capital expenditure.."
GODREJCP,"GODREJCP demonstrates a notable financial profile. The available financial metrics indicate a balanced performance. Cash flow analysis indicates that business generates positive operating cash flow from core operations.Additionally, company is investing cash into long-term assets or business expansion.The company reported an ROE of -4.5%. Debt-to-equity ratio stands at 0.26. Five-year revenue CAGR is 6.4%. The composite quality score is -3.8. However, investors should note that negative free cash flow raises concern about cash generation quality.."
GRASIM,"GRASIM demonstrates a notable financial profile. Key strengths include net profit compounding above 20% over 5 years creates significant shareholder value.In addition, earnings per share growing above 15% cagr indicates strong earnings quality and compounding.Cash flow analysis indicates that negative operating cash flow may indicate pressure on core business operations.Additionally, company is investing cash into long-term assets or business expansion.The company reported an ROE of 11.2%. Debt-to-equity ratio stands at 1.55. Five-year revenue CAGR is 11.2%. The composite quality score is 7.1. However, investors should note that negative free cash flow raises concern about cash generation quality.."
HAL,"HAL demonstrates a notable financial profile. Key strengths include consistently high return on equity above 20% demonstrates exceptional capital efficiency.In addition, strong free cash flow generation signals healthy business fundamentals.Cash flow analysis indicates that business generates positive operating cash flow from core operations.Additionally, company is investing cash into long-term assets or business expansion.The company reported an ROE of 3816.6%. Debt-to-equity ratio stands at 0.62. Five-year revenue CAGR is 8.7%. The composite quality score is 1843.1. However, investors should note that free cash flow is significantly lower than operating cash flow, indicating heavy capital expenditure.."
HAVELLS,"HAVELLS demonstrates a notable financial profile. Key strengths include strong free cash flow generation signals healthy business fundamentals.In addition, debt-free balance sheet provides financial flexibility and eliminates interest burden.Cash flow analysis indicates that business generates positive operating cash flow from core operations.Additionally, company is investing cash into long-term assets or business expansion.The company reported an ROE of 17.1%. Debt-to-equity ratio stands at 0.04. Five-year revenue CAGR is 13.0%. The composite quality score is 11.4. However, investors should note that free cash flow is significantly lower than operating cash flow, indicating heavy capital expenditure.."
HCLTECH,"HCLTECH demonstrates a notable financial profile. Key strengths include consistently high return on equity above 20% demonstrates exceptional capital efficiency.In addition, strong free cash flow generation signals healthy business fundamentals.Cash flow analysis indicates that business generates positive operating cash flow from core operations.Additionally, company is investing cash into long-term assets or business expansion.The company reported an ROE of 23.0%. Debt-to-equity ratio stands at 0.08. Five-year revenue CAGR is 12.7%. The composite quality score is 17.7. Overall, the company's financial indicators appear stable."
HDFCBANK,"HDFCBANK demonstrates a notable financial profile. Key strengths include strong free cash flow generation signals healthy business fundamentals.In addition, revenue growing at above 15% cagr over 5 years reflects strong business momentum.Cash flow analysis indicates that business generates positive operating cash flow from core operations.Additionally, overall cash position improved during the year.The company reported an ROE of 14.3%. Debt-to-equity ratio stands at 6.81. Five-year revenue CAGR is 22.0%. The composite quality score is 13.0. However, investors should note that debt-to-equity ratio of 6.81 is elevated and warrants monitoring.."
HDFCLIFE,"HDFCLIFE demonstrates a notable financial profile. Key strengths include revenue growing at above 15% cagr over 5 years reflects strong business momentum.In addition, operating profit margin above 25% indicates strong pricing power and cost discipline.Cash flow analysis indicates that business generates positive operating cash flow from core operations.Additionally, company is investing cash into long-term assets or business expansion.The company reported an ROE of 10.7%. Debt-to-equity ratio stands at 0.06. Five-year revenue CAGR is 21.2%. The composite quality score is 4.3. However, investors should note that negative free cash flow raises concern about cash generation quality.."
HEROMOTOCO,"HEROMOTOCO demonstrates a notable financial profile. Key strengths include consistently high return on equity above 20% demonstrates exceptional capital efficiency.In addition, strong free cash flow generation signals healthy business fundamentals.Cash flow analysis indicates that business generates positive operating cash flow from core operations.Additionally, company is investing cash into long-term assets or business expansion.The company reported an ROE of 21.1%. Debt-to-equity ratio stands at 0.03. Five-year revenue CAGR is 2.2%. The composite quality score is 15.1. However, investors should note that revenue growth below 5% over five years suggests weak business momentum.."
HINDALCO,"HINDALCO demonstrates a notable financial profile. Key strengths include strong free cash flow generation signals healthy business fundamentals.In addition, operating profit margin above 25% indicates strong pricing power and cost discipline.Cash flow analysis indicates that business generates positive operating cash flow from core operations.Additionally, company is investing cash into long-term assets or business expansion.The company reported an ROE of 9.6%. Debt-to-equity ratio stands at 0.53. Five-year revenue CAGR is 10.6%. The composite quality score is 6.2. However, investors should note that return on equity below 10% indicates weak shareholder returns.."
HINDUNILVR,"HINDUNILVR demonstrates a notable financial profile. Key strengths include consistently high return on equity above 20% demonstrates exceptional capital efficiency.In addition, strong free cash flow generation signals healthy business fundamentals.Cash flow analysis indicates that business generates positive operating cash flow from core operations.Additionally, company is investing cash into long-term assets or business expansion.The company reported an ROE of 20.1%. Debt-to-equity ratio stands at 0.03. Five-year revenue CAGR is 9.5%. The composite quality score is 16.6. Overall, the company's financial indicators appear stable."
ICICIBANK,"ICICIBANK demonstrates a notable financial profile. Key strengths include strong free cash flow generation signals healthy business fundamentals.In addition, revenue growing at above 15% cagr over 5 years reflects strong business momentum.Cash flow analysis indicates that business generates positive operating cash flow from core operations.Additionally, company is investing cash into long-term assets or business expansion.The company reported an ROE of 18.0%. Debt-to-equity ratio stands at 6.45. Five-year revenue CAGR is 17.3%. The composite quality score is 16.3. However, investors should note that debt-to-equity ratio of 6.45 is elevated and warrants monitoring.."
ICICIGI,"ICICIGI demonstrates a notable financial profile. Key strengths include strong free cash flow generation signals healthy business fundamentals.In addition, debt-free balance sheet provides financial flexibility and eliminates interest burden.Cash flow analysis indicates that business generates positive operating cash flow from core operations.Additionally, company is investing cash into long-term assets or business expansion.The company reported an ROE of 15.7%. Debt-to-equity ratio stands at 0.00. Five-year revenue CAGR is 12.9%. The composite quality score is 9.4. However, investors should note that low asset turnover indicates inefficient utilization of company assets.."
ICICIPRULI,"ICICIPRULI demonstrates a notable financial profile. Key strengths include strong free cash flow generation signals healthy business fundamentals.In addition, revenue growing at above 15% cagr over 5 years reflects strong business momentum.Cash flow analysis indicates that negative operating cash flow may indicate pressure on core business operations.Additionally, overall cash position improved during the year.The company reported an ROE of 7.7%. Debt-to-equity ratio stands at 0.11. Five-year revenue CAGR is 16.8%. The composite quality score is 3.0. However, investors should note that return on equity below 10% indicates weak shareholder returns.."
INDIGO,"INDIGO demonstrates a notable financial profile. Key strengths include consistently high return on equity above 20% demonstrates exceptional capital efficiency.In addition, strong free cash flow generation signals healthy business fundamentals.Cash flow analysis indicates that business generates positive operating cash flow from core operations.Additionally, company is investing cash into long-term assets or business expansion.The company reported an ROE of 892.6%. Debt-to-equity ratio stands at 0.02. Five-year revenue CAGR is 19.3%. The composite quality score is 524.3. However, investors should note that free cash flow is significantly lower than operating cash flow, indicating heavy capital expenditure.."
INDUSINDBK,"INDUSINDBK demonstrates a notable financial profile. Key strengths include revenue growing at above 15% cagr over 5 years reflects strong business momentum.In addition, operating profit margin above 25% indicates strong pricing power and cost discipline.Cash flow analysis indicates that negative operating cash flow may indicate pressure on core business operations.Additionally, company is investing cash into long-term assets or business expansion.The company reported an ROE of 14.3%. Debt-to-equity ratio stands at 6.89. Five-year revenue CAGR is 15.5%. The composite quality score is 11.9. However, investors should note that debt-to-equity ratio of 6.89 is elevated and warrants monitoring.."
INFY,"INFY demonstrates a notable financial profile. Key strengths include consistently high return on equity above 20% demonstrates exceptional capital efficiency.In addition, strong free cash flow generation signals healthy business fundamentals.Cash flow analysis indicates that business generates positive operating cash flow from core operations.Additionally, company is investing cash into long-term assets or business expansion.The company reported an ROE of 29.8%. Debt-to-equity ratio stands at 0.09. Five-year revenue CAGR is 13.2%. The composite quality score is 22.1. However, investors should note that book value per share is relatively low compared with earnings per share.."
IOC,"IOC demonstrates a notable financial profile. Key strengths include consistently high return on equity above 20% demonstrates exceptional capital efficiency.In addition, strong free cash flow generation signals healthy business fundamentals.Cash flow analysis indicates that business generates positive operating cash flow from core operations.Additionally, company is investing cash into long-term assets or business expansion.The company reported an ROE of 23.5%. Debt-to-equity ratio stands at 0.72. Five-year revenue CAGR is 8.0%. The composite quality score is 12.7. However, investors should note that operating profit margin is low, indicating pricing pressure or weak operating efficiency.."
IRCTC,"IRCTC demonstrates a notable financial profile. Key strengths include consistently high return on equity above 20% demonstrates exceptional capital efficiency.In addition, strong free cash flow generation signals healthy business fundamentals.Cash flow analysis indicates that business generates positive operating cash flow from core operations.Additionally, company is investing cash into long-term assets or business expansion.The company reported an ROE of 34.4%. Debt-to-equity ratio stands at 0.02. Five-year revenue CAGR is 18.0%. The composite quality score is 26.2. Overall, the company's financial indicators appear stable."
IRFC,"IRFC demonstrates a notable financial profile. Key strengths include strong free cash flow generation signals healthy business fundamentals.In addition, revenue growing at above 15% cagr over 5 years reflects strong business momentum.Cash flow analysis indicates that business generates positive operating cash flow from core operations.Additionally, company is investing cash into long-term assets or business expansion.The company reported an ROE of 13.0%. Debt-to-equity ratio stands at 8.38. Five-year revenue CAGR is 19.1%. The composite quality score is 12.8. However, investors should note that debt-to-equity ratio of 8.38 is elevated and warrants monitoring.."
ITC,"ITC demonstrates a notable financial profile. Key strengths include consistently high return on equity above 20% demonstrates exceptional capital efficiency.In addition, strong free cash flow generation signals healthy business fundamentals.Cash flow analysis indicates that business generates positive operating cash flow from core operations.Additionally, overall cash position improved during the year.The company reported an ROE of 27.9%. Debt-to-equity ratio stands at 0.00. Five-year revenue CAGR is 8.0%. The composite quality score is 26.6. Overall, the company's financial indicators appear stable."
JINDALSTEL,"JINDALSTEL demonstrates a notable financial profile. The available financial metrics indicate a balanced performance. Cash flow analysis indicates that business generates positive operating cash flow from core operations.Additionally, company is investing cash into long-term assets or business expansion.The company reported an ROE of 13.4%. Debt-to-equity ratio stands at 0.37. Five-year revenue CAGR is 1.4%. The composite quality score is 10.9. However, investors should note that negative free cash flow raises concern about cash generation quality.."
JIOFIN,"JIOFIN demonstrates a notable financial profile. Key strengths include strong free cash flow generation signals healthy business fundamentals.In addition, debt-free balance sheet provides financial flexibility and eliminates interest burden.Cash flow analysis indicates that negative operating cash flow may indicate pressure on core business operations.Additionally, overall cash position improved during the year.The company reported an ROE of 1.2%. Debt-to-equity ratio stands at 0.00. The composite quality score is 29.6. However, investors should note that return on equity below 10% indicates weak shareholder returns.."
JSWENERGY,"JSWENERGY demonstrates a notable financial profile. Key strengths include operating profit margin above 25% indicates strong pricing power and cost discipline.In addition, net profit compounding above 20% over 5 years creates significant shareholder value.Cash flow analysis indicates that business generates positive operating cash flow from core operations.Additionally, company is investing cash into long-term assets or business expansion.The company reported an ROE of 8.3%. Debt-to-equity ratio stands at 1.52. Five-year revenue CAGR is 4.7%. The composite quality score is 8.8. However, investors should note that negative free cash flow raises concern about cash generation quality.."
JSWSTEEL,"JSWSTEEL demonstrates a notable financial profile. Key strengths include revenue growing at above 15% cagr over 5 years reflects strong business momentum.Cash flow analysis indicates that business generates positive operating cash flow from core operations.Additionally, company is investing cash into long-term assets or business expansion.The company reported an ROE of 11.6%. Debt-to-equity ratio stands at 1.13. Five-year revenue CAGR is 15.6%. The composite quality score is 6.9. However, investors should note that negative free cash flow raises concern about cash generation quality.."
KOTAKBANK,"KOTAKBANK demonstrates a notable financial profile. Key strengths include strong free cash flow generation signals healthy business fundamentals.In addition, operating profit margin above 25% indicates strong pricing power and cost discipline.Cash flow analysis indicates that business generates positive operating cash flow from core operations.Additionally, company is investing cash into long-term assets or business expansion.The company reported an ROE of 14.0%. Debt-to-equity ratio stands at 4.00. Five-year revenue CAGR is 13.5%. The composite quality score is 16.3. However, investors should note that debt-to-equity ratio of 4.00 is elevated and warrants monitoring.."
LICI,"LICI demonstrates a notable financial profile. Key strengths include consistently high return on equity above 20% demonstrates exceptional capital efficiency.In addition, strong free cash flow generation signals healthy business fundamentals.Cash flow analysis indicates that business generates positive operating cash flow from core operations.Additionally, company is investing cash into long-term assets or business expansion.The company reported an ROE of 49.4%. Debt-to-equity ratio stands at 0.00. Five-year revenue CAGR is 8.2%. The composite quality score is 18.4. However, investors should note that operating profit margin is low, indicating pricing pressure or weak operating efficiency.."
LODHA,"LODHA demonstrates a notable financial profile. Key strengths include operating profit margin above 25% indicates strong pricing power and cost discipline.In addition, profit growth outpacing revenue reflects improving operating leverage and scale benefits.Cash flow analysis indicates that business generates positive operating cash flow from core operations.Additionally, company is investing cash into long-term assets or business expansion.The company reported an ROE of 8.9%. Debt-to-equity ratio stands at 0.44. Five-year revenue CAGR is -2.8%. The composite quality score is 9.1. However, investors should note that negative free cash flow raises concern about cash generation quality.."
LT,"LT demonstrates a notable financial profile. Key strengths include consistently high return on equity above 20% demonstrates exceptional capital efficiency.In addition, strong free cash flow generation signals healthy business fundamentals.Cash flow analysis indicates that business generates positive operating cash flow from core operations.Additionally, operating cash flow is strong, indicating excellent cash generation capability.The company reported an ROE of 77.7%. Debt-to-equity ratio stands at 0.10. Five-year revenue CAGR is 10.3%. The composite quality score is 47.0. Overall, the company's financial indicators appear stable."
LTIM,"LTIM demonstrates a notable financial profile. Key strengths include consistently high return on equity above 20% demonstrates exceptional capital efficiency.In addition, strong free cash flow generation signals healthy business fundamentals.Cash flow analysis indicates that business generates positive operating cash flow from core operations.Additionally, company is investing cash into long-term assets or business expansion.The company reported an ROE of 22.9%. Debt-to-equity ratio stands at 0.10. Five-year revenue CAGR is 30.3%. The composite quality score is 17.5. However, investors should note that free cash flow is significantly lower than operating cash flow, indicating heavy capital expenditure.."
M&M,"M&M demonstrates a notable financial profile. Key strengths include earnings per share growing above 15% cagr indicates strong earnings quality and compounding.In addition, profit growth outpacing revenue reflects improving operating leverage and scale benefits.Cash flow analysis indicates that negative operating cash flow may indicate pressure on core business operations.Additionally, company is investing cash into long-term assets or business expansion.The company reported an ROE of 18.5%. Debt-to-equity ratio stands at 1.64. Five-year revenue CAGR is 5.8%. The composite quality score is 10.9. However, investors should note that negative free cash flow raises concern about cash generation quality.."
MARUTI,"MARUTI demonstrates a notable financial profile. Key strengths include strong free cash flow generation signals healthy business fundamentals.In addition, debt-free balance sheet provides financial flexibility and eliminates interest burden.Cash flow analysis indicates that business generates positive operating cash flow from core operations.Additionally, company is investing cash into long-term assets or business expansion.The company reported an ROE of 15.8%. Debt-to-equity ratio stands at 0.00. Five-year revenue CAGR is 10.5%. The composite quality score is 12.3. However, investors should note that free cash flow is significantly lower than operating cash flow, indicating heavy capital expenditure.."
MOTHERSON,"MOTHERSON demonstrates a notable financial profile. Key strengths include strong free cash flow generation signals healthy business fundamentals.In addition, efficient utilization of assets supports sustainable business growth.Cash flow analysis indicates that business generates positive operating cash flow from core operations.Additionally, company is investing cash into long-term assets or business expansion.The company reported an ROE of 11.5%. Debt-to-equity ratio stands at 0.76. Five-year revenue CAGR is 9.2%. The composite quality score is 6.1. However, investors should note that operating profit margin is low, indicating pricing pressure or weak operating efficiency.."
NAUKRI,"NAUKRI demonstrates a notable financial profile. Key strengths include debt-free balance sheet provides financial flexibility and eliminates interest burden.In addition, revenue growing at above 15% cagr over 5 years reflects strong business momentum.Cash flow analysis indicates that business generates positive operating cash flow from core operations.Additionally, company is investing cash into long-term assets or business expansion.The company reported an ROE of 2.0%. Debt-to-equity ratio stands at 0.01. Five-year revenue CAGR is 17.1%. The composite quality score is 9.0. However, investors should note that negative free cash flow raises concern about cash generation quality.."
NESTLEIND,"NESTLEIND demonstrates a notable financial profile. Key strengths include consistently high return on equity above 20% demonstrates exceptional capital efficiency.In addition, strong free cash flow generation signals healthy business fundamentals.Cash flow analysis indicates that business generates positive operating cash flow from core operations.Additionally, company is investing cash into long-term assets or business expansion.The company reported an ROE of 117.8%. Debt-to-equity ratio stands at 0.10. Five-year revenue CAGR is 14.5%. The composite quality score is 57.1. However, investors should note that book value per share is relatively low compared with earnings per share.."
NHPC,"NHPC demonstrates a notable financial profile. Key strengths include strong free cash flow generation signals healthy business fundamentals.In addition, operating profit margin above 25% indicates strong pricing power and cost discipline.Cash flow analysis indicates that business generates positive operating cash flow from core operations.Additionally, company is investing cash into long-term assets or business expansion.The company reported an ROE of 10.4%. Debt-to-equity ratio stands at 0.84. Five-year revenue CAGR is 1.4%. The composite quality score is 18.8. However, investors should note that revenue growth below 5% over five years suggests weak business momentum.."
NTPC,"NTPC demonstrates a notable financial profile. Key strengths include strong free cash flow generation signals healthy business fundamentals.In addition, operating profit margin above 25% indicates strong pricing power and cost discipline.Cash flow analysis indicates that business generates positive operating cash flow from core operations.Additionally, company is investing cash into long-term assets or business expansion.The company reported an ROE of 13.3%. Debt-to-equity ratio stands at 1.48. Five-year revenue CAGR is 12.2%. The composite quality score is 9.9. However, investors should note that low asset turnover indicates inefficient utilization of company assets.."
ONGC,"ONGC demonstrates a notable financial profile. Key strengths include strong free cash flow generation signals healthy business fundamentals.In addition, very high interest coverage reflects negligible financial stress from debt servicing.Cash flow analysis indicates that business generates positive operating cash flow from core operations.Additionally, company is investing cash into long-term assets or business expansion.The company reported an ROE of 16.9%. Debt-to-equity ratio stands at 0.45. Five-year revenue CAGR is 7.0%. The composite quality score is 11.5. However, investors should note that free cash flow is significantly lower than operating cash flow, indicating heavy capital expenditure.."
PFC,"PFC demonstrates a notable financial profile. Key strengths include consistently high return on equity above 20% demonstrates exceptional capital efficiency.In addition, operating profit margin above 25% indicates strong pricing power and cost discipline.Cash flow analysis indicates that negative operating cash flow may indicate pressure on core business operations.Additionally, company is investing cash into long-term assets or business expansion.The company reported an ROE of 26.2%. Debt-to-equity ratio stands at 8.52. Five-year revenue CAGR is 11.1%. The composite quality score is 19.2. However, investors should note that debt-to-equity ratio of 8.52 is elevated and warrants monitoring.."
PIDILITIND,"PIDILITIND demonstrates a notable financial profile. Key strengths include consistently high return on equity above 20% demonstrates exceptional capital efficiency.In addition, strong free cash flow generation signals healthy business fundamentals.Cash flow analysis indicates that business generates positive operating cash flow from core operations.Additionally, company is investing cash into long-term assets or business expansion.The company reported an ROE of 20.8%. Debt-to-equity ratio stands at 0.05. Five-year revenue CAGR is 11.8%. The composite quality score is 16.5. However, investors should note that free cash flow is significantly lower than operating cash flow, indicating heavy capital expenditure.."
PNB,"PNB demonstrates a notable financial profile. Key strengths include consistently high return on equity above 20% demonstrates exceptional capital efficiency.In addition, revenue growing at above 15% cagr over 5 years reflects strong business momentum.Cash flow analysis indicates that negative operating cash flow may indicate pressure on core business operations.Additionally, company is investing cash into long-term assets or business expansion.The company reported an ROE of 61.3%. Debt-to-equity ratio stands at 3.68. Five-year revenue CAGR is 15.9%. The composite quality score is 27.5. However, investors should note that debt-to-equity ratio of 3.68 is elevated and warrants monitoring.."
POWERGRID,"POWERGRID demonstrates a notable financial profile. Key strengths include strong free cash flow generation signals healthy business fundamentals.In addition, operating profit margin above 25% indicates strong pricing power and cost discipline.Cash flow analysis indicates that business generates positive operating cash flow from core operations.Additionally, company is investing cash into long-term assets or business expansion.The company reported an ROE of 17.9%. Debt-to-equity ratio stands at 1.42. Five-year revenue CAGR is 5.5%. The composite quality score is 19.3. However, investors should note that low asset turnover indicates inefficient utilization of company assets.."
RECLTD,"RECLTD demonstrates a notable financial profile. Key strengths include consistently high return on equity above 20% demonstrates exceptional capital efficiency.In addition, operating profit margin above 25% indicates strong pricing power and cost discipline.Cash flow analysis indicates that negative operating cash flow may indicate pressure on core business operations.Additionally, company is investing cash into long-term assets or business expansion.The company reported an ROE of 20.4%. Debt-to-equity ratio stands at 6.42. Five-year revenue CAGR is 13.3%. The composite quality score is 17.6. However, investors should note that debt-to-equity ratio of 6.42 is elevated and warrants monitoring.."
RELIANCE,"RELIANCE demonstrates a notable financial profile. Key strengths include strong free cash flow generation signals healthy business fundamentals.In addition, profit growth outpacing revenue reflects improving operating leverage and scale benefits.Cash flow analysis indicates that business generates positive operating cash flow from core operations.Additionally, company is investing cash into long-term assets or business expansion.The company reported an ROE of 10.0%. Debt-to-equity ratio stands at 0.58. Five-year revenue CAGR is 9.6%. The composite quality score is 7.8. However, investors should note that return on equity below 10% indicates weak shareholder returns.."
SBILIFE,"SBILIFE demonstrates a notable financial profile. Key strengths include debt-free balance sheet provides financial flexibility and eliminates interest burden.In addition, revenue growing at above 15% cagr over 5 years reflects strong business momentum.Cash flow analysis indicates that business generates positive operating cash flow from core operations.Additionally, company is investing cash into long-term assets or business expansion.The company reported an ROE of 12.7%. Debt-to-equity ratio stands at 0.00. Five-year revenue CAGR is 24.2%. The composite quality score is 4.9. However, investors should note that negative free cash flow raises concern about cash generation quality.."
SHREECEM,"SHREECEM demonstrates a notable financial profile. Key strengths include strong free cash flow generation signals healthy business fundamentals.In addition, very high interest coverage reflects negligible financial stress from debt servicing.Cash flow analysis indicates that business generates positive operating cash flow from core operations.Additionally, company is investing cash into long-term assets or business expansion.The company reported an ROE of 8.4%. Debt-to-equity ratio stands at 0.08. Five-year revenue CAGR is 10.3%. The composite quality score is 7.7. However, investors should note that return on equity below 10% indicates weak shareholder returns.."
SHRIRAMFIN,"SHRIRAMFIN demonstrates a notable financial profile. Key strengths include revenue growing at above 15% cagr over 5 years reflects strong business momentum.In addition, operating profit margin above 25% indicates strong pricing power and cost discipline.Cash flow analysis indicates that negative operating cash flow may indicate pressure on core business operations.Additionally, company is investing cash into long-term assets or business expansion.The company reported an ROE of 15.1%. Debt-to-equity ratio stands at 3.99. Five-year revenue CAGR is 18.6%. The composite quality score is 12.8. However, investors should note that debt-to-equity ratio of 3.99 is elevated and warrants monitoring.."
SIEMENS,"SIEMENS demonstrates a notable financial profile. Key strengths include strong free cash flow generation signals healthy business fundamentals.In addition, debt-free balance sheet provides financial flexibility and eliminates interest burden.Cash flow analysis indicates that business generates positive operating cash flow from core operations.Additionally, company is investing cash into long-term assets or business expansion.The company reported an ROE of 17.7%. Debt-to-equity ratio stands at 0.02. Five-year revenue CAGR is 11.2%. The composite quality score is 13.6. Overall, the company's financial indicators appear stable."
SUNPHARMA,"SUNPHARMA demonstrates a notable financial profile. Key strengths include strong free cash flow generation signals healthy business fundamentals.In addition, operating profit margin above 25% indicates strong pricing power and cost discipline.Cash flow analysis indicates that business generates positive operating cash flow from core operations.Additionally, company is investing cash into long-term assets or business expansion.The company reported an ROE of 15.1%. Debt-to-equity ratio stands at 0.05. Five-year revenue CAGR is 10.8%. The composite quality score is 15.4. Overall, the company's financial indicators appear stable."
TATACONSUM,"TATACONSUM demonstrates a notable financial profile. Key strengths include strong free cash flow generation signals healthy business fundamentals.In addition, revenue growing at above 15% cagr over 5 years reflects strong business momentum.Cash flow analysis indicates that business generates positive operating cash flow from core operations.Additionally, company is investing cash into long-term assets or business expansion.The company reported an ROE of 7.6%. Debt-to-equity ratio stands at 0.22. Five-year revenue CAGR is 16.0%. The composite quality score is 6.6. However, investors should note that return on equity below 10% indicates weak shareholder returns.."
TATAMOTORS,"TATAMOTORS demonstrates a notable financial profile. Key strengths include consistently high return on equity above 20% demonstrates exceptional capital efficiency.In addition, strong free cash flow generation signals healthy business fundamentals.Cash flow analysis indicates that business generates positive operating cash flow from core operations.Additionally, company is investing cash into long-term assets or business expansion.The company reported an ROE of 37.5%. Debt-to-equity ratio stands at 1.26. Five-year revenue CAGR is 7.7%. The composite quality score is 17.8. Overall, the company's financial indicators appear stable."
TATAPOWER,"TATAPOWER demonstrates a notable financial profile. Key strengths include strong free cash flow generation signals healthy business fundamentals.In addition, revenue growing at above 15% cagr over 5 years reflects strong business momentum.Cash flow analysis indicates that business generates positive operating cash flow from core operations.Additionally, company is investing cash into long-term assets or business expansion.The company reported an ROE of 13.2%. Debt-to-equity ratio stands at 1.66. Five-year revenue CAGR is 15.5%. The composite quality score is 7.8. However, investors should note that low asset turnover indicates inefficient utilization of company assets.."
TATASTEEL,"TATASTEEL demonstrates a notable financial profile. Key strengths include strong free cash flow generation signals healthy business fundamentals.Cash flow analysis indicates that business generates positive operating cash flow from core operations.Additionally, company is investing cash into long-term assets or business expansion.The company reported an ROE of -5.3%. Debt-to-equity ratio stands at 0.95. Five-year revenue CAGR is 7.8%. The composite quality score is -3.1. However, investors should note that operating profit margin is low, indicating pricing pressure or weak operating efficiency.."
TCS,"TCS demonstrates a notable financial profile. Key strengths include consistently high return on equity above 20% demonstrates exceptional capital efficiency.In addition, strong free cash flow generation signals healthy business fundamentals.Cash flow analysis indicates that business generates positive operating cash flow from core operations.Additionally, overall cash position improved during the year.The company reported an ROE of 50.9%. Debt-to-equity ratio stands at 0.09. Five-year revenue CAGR is 10.5%. The composite quality score is 33.9. Overall, the company's financial indicators appear stable."
TECHM,"TECHM demonstrates a notable financial profile. Key strengths include strong free cash flow generation signals healthy business fundamentals.In addition, very high interest coverage reflects negligible financial stress from debt servicing.Cash flow analysis indicates that business generates positive operating cash flow from core operations.Additionally, company is investing cash into long-term assets or business expansion.The company reported an ROE of 9.0%. Debt-to-equity ratio stands at 0.10. Five-year revenue CAGR is 8.4%. The composite quality score is 6.4. However, investors should note that operating profit margin is low, indicating pricing pressure or weak operating efficiency.."
TITAN,"TITAN demonstrates a notable financial profile. Key strengths include consistently high return on equity above 20% demonstrates exceptional capital efficiency.In addition, strong free cash flow generation signals healthy business fundamentals.Cash flow analysis indicates that business generates positive operating cash flow from core operations.Additionally, company is investing cash into long-term assets or business expansion.The company reported an ROE of 37.2%. Debt-to-equity ratio stands at 1.65. Five-year revenue CAGR is 20.9%. The composite quality score is 18.4. Overall, the company's financial indicators appear stable."
TORNTPHARM,"TORNTPHARM demonstrates a notable financial profile. Key strengths include consistently high return on equity above 20% demonstrates exceptional capital efficiency.In addition, strong free cash flow generation signals healthy business fundamentals.Cash flow analysis indicates that business generates positive operating cash flow from core operations.Additionally, company is investing cash into long-term assets or business expansion.The company reported an ROE of 24.2%. Debt-to-equity ratio stands at 0.59. Five-year revenue CAGR is 6.9%. The composite quality score is 17.0. However, investors should note that book value per share is relatively low compared with earnings per share.."
TRENT,"TRENT demonstrates a notable financial profile. Key strengths include consistently high return on equity above 20% demonstrates exceptional capital efficiency.In addition, strong free cash flow generation signals healthy business fundamentals.Cash flow analysis indicates that business generates positive operating cash flow from core operations.Additionally, company is investing cash into long-term assets or business expansion.The company reported an ROE of 36.3%. Debt-to-equity ratio stands at 0.43. Five-year revenue CAGR is 36.3%. The composite quality score is 23.0. Overall, the company's financial indicators appear stable."
TVSMOTOR,"TVSMOTOR demonstrates a notable financial profile. Key strengths include consistently high return on equity above 20% demonstrates exceptional capital efficiency.In addition, earnings per share growing above 15% cagr indicates strong earnings quality and compounding.Cash flow analysis indicates that negative operating cash flow may indicate pressure on core business operations.Additionally, company is investing cash into long-term assets or business expansion.The company reported an ROE of 26.2%. Debt-to-equity ratio stands at 3.83. Five-year revenue CAGR is 14.2%. The composite quality score is 11.7. However, investors should note that debt-to-equity ratio of 3.83 is elevated and warrants monitoring.."
ULTRACEMCO,"ULTRACEMCO demonstrates a notable financial profile. Key strengths include strong free cash flow generation signals healthy business fundamentals.In addition, net profit compounding above 20% over 5 years creates significant shareholder value.Cash flow analysis indicates that business generates positive operating cash flow from core operations.Additionally, company is investing cash into long-term assets or business expansion.The company reported an ROE of 11.6%. Debt-to-equity ratio stands at 0.19. Five-year revenue CAGR is 11.3%. The composite quality score is 9.5. However, investors should note that free cash flow is significantly lower than operating cash flow, indicating heavy capital expenditure.."
UNIONBANK,"UNIONBANK demonstrates a notable financial profile. Key strengths include strong free cash flow generation signals healthy business fundamentals.In addition, revenue growing at above 15% cagr over 5 years reflects strong business momentum.Cash flow analysis indicates that business generates positive operating cash flow from core operations.Additionally, company is investing cash into long-term assets or business expansion.The company reported an ROE of 14.1%. Debt-to-equity ratio stands at 12.82. Five-year revenue CAGR is 23.9%. The composite quality score is 9.6. However, investors should note that debt-to-equity ratio of 12.82 is elevated and warrants monitoring.."
